x,xest,xerror,p,z,K
101.49495851238431,98.0376,68.35287449623242,100.02000000000164,nan,nan
101.49495851238431,108.1667250891428,15.055509513753734,13.682597230511156,2.3022511576474045,0.6379050986379896
98.809077250561,98.0376,70.88511020740596,400.0800000000066,nan,nan
98.809077250561,108.44170143013633,21.787285014178803,52.6574435627155,2.446647345970168,0.7281516544275652
98.98599796609054,98.0376,63.298768930116914,625.125,nan,nan
98.98599796609054,109.45233387239124,31.47847885997067,76.95972170550377,2.106683385437278,0.7088062747958921
99.23075133406215,98.0376,71.86448775943867,1225.2450000000044,nan,nan
99.23075133406215,114.58383313434264,37.2048104869144,146.85567223500925,2.003325615432001,0.6042863803305731
