x,xest,xerror,p,z,K,var_q,var_r
99.88425431827915,98.0376,67.5941030031743,1600.3200000000263,nan,nan,0.6400000000000002,0.49
99.88425431827915,99.78634887956561,11.090157156937613,39.65050029523265,nan,0.688735261892918,0.6400000000000002,0.49
