x_avg,y_avg,xest_avg,yest_avg,error_avg,x_std,y_std,xest_std,yest_std,var_q,var_r
58.86361905816194,171.92709130932204,266.21392088139197,184.6131686071876,55.45078226597856,185.28335797200904,266.5652003665373,185.28335797200904,18.111716212851768,15.95906503798385
