x_avg,y_avg,xest_avg,yest_avg,error_avg,x_std,y_std,xest_std,yest_std,var_q,var_r
85.32457340699501,188.0839725316789,296.7495350307628,192.56911992047432,59.1751561829571,182.1277245797001,300.44280480082944,182.1277245797001,67.3924263371746,84.02003315469086
